url,local_path,type,title,status,error
https://alnajmi.net/files/khraaj2.MP3,audio/khraaj2.MP3,audio,جلسة مع طلبة العلم بالخرج 1416 هـ 2,failed,HTTP 404
https://alnajmi.net/portal/wp-content/uploads/2019/01/الإمام-أحمد-بن-حنبل.pdf,pdf/book_lib/الإمام-أحمد-بن-حنبل.pdf,pdf,سيرة الإمام المبجل أحمد بن محمد بن حنبل,ok,
https://alnajmi.net/portal/wp-content/uploads/2019/01/تنزية-الشريعة.pdf,pdf/book_lib/تنزية-الشريعة.pdf,pdf,تنزيه الشريعة,ok,
https://alnajmi.net/portal/wp-content/uploads/2019/01/دور-المساجد-في-الإسلام.pdf,pdf/book_lib/دور-المساجد-في-الإسلام.pdf,pdf,دور المساجد في الإسلام,ok,
https://alnajmi.net/portal/wp-content/uploads/2019/01/تفسير-آيات-الصيام.pdf,pdf/book_lib/تفسير-آيات-الصيام.pdf,pdf,تفسير آيات الصيام,ok,
https://alnajmi.net/portal/wp-content/uploads/2019/01/وأن-هذا-صراطي-مستقيماً-فاتبعوه.pdf,pdf/book_lib/وأن-هذا-صراطي-مستقيماً-فاتبعوه.pdf,pdf,وأن هذا صراطي مستقيماً فاتبعوه,ok,
https://alnajmi.net/portal/wp-content/uploads/2019/01/واعــبدوا-اللـــه-ولا-تشــركــوا-بـه-شــيئًا-طبعة-جديدة-.pdf,pdf/book_lib/واعــبدوا-اللـــه-ولا-تشــركــوا-بـه-شــيئًا-طبعة-جديدة-.pdf,pdf,واعبدوا اللـه ولا تشركوا بـه شيئًا ( طبعة جديدة ),ok,
https://alnajmi.net/portal/wp-content/uploads/2019/01/استقبال-شهر-رمضان.pdf,pdf/book_lib/استقبال-شهر-رمضان.pdf,pdf,استقبال شهر رمضان,ok,
https://alnajmi.net/portal/wp-content/uploads/2019/01/صفة-الحج.pdf,pdf/book_lib/صفة-الحج.pdf,pdf,صفة الحج,ok,
https://alnajmi.net/portal/wp-content/uploads/2019/01/فتح-الرب-الرحيم-في-حكم-الجهر-والإسرار-ببسم-الله-الرحمن-الرحيم.pdf,pdf/book_lib/فتح-الرب-الرحيم-في-حكم-الجهر-والإسرار-ببسم-الله-الرحمن-الرحيم.pdf,pdf,فتح الرب الرحيم في حكم الجهر والإسرار ببسم الله الرحمن الرحيم,ok,
https://alnajmi.net/portal/wp-content/uploads/2019/01/فضل-الصيام.pdf,pdf/book_lib/فضل-الصيام.pdf,pdf,فضل الصيام,ok,
https://alnajmi.net/portal/wp-content/uploads/2019/01/إحياء-الأموات.pdf,pdf/book_lib/إحياء-الأموات.pdf,pdf,إحياء الأموات,ok,
https://alnajmi.net/portal/wp-content/uploads/2019/01/تأسيس-1.pdf,pdf/book_lib/تأسيس-1.pdf,pdf,تأسيس الأحكام الأول,ok,
https://alnajmi.net/portal/wp-content/uploads/2019/01/تأسيس-2.pdf,pdf/book_lib/تأسيس-2.pdf,pdf,تأسيس الأحكام الثاني,ok,
https://alnajmi.net/portal/wp-content/uploads/2019/01/تأسيس-3.pdf,pdf/book_lib/تأسيس-3.pdf,pdf,تأسيس الأحكام الثالث,ok,
https://alnajmi.net/portal/wp-content/uploads/2019/01/تأسيس-4.pdf,pdf/book_lib/تأسيس-4.pdf,pdf,تأسيس الأحكام الرابع,ok,
https://alnajmi.net/portal/wp-content/uploads/2019/01/تأسيس-5.pdf,pdf/book_lib/تأسيس-5.pdf,pdf,تأسيس الأحكام الخامس,ok,
https://alnajmi.net/portal/wp-content/uploads/2023/03/talanam1.pdf,pdf/book_lib/talanam1.pdf,pdf,تنبيه الأنام على ما في كتاب سبل السلام من الفوائد والأحكام – المجلد الأول,ok,
https://alnajmi.net/portal/wp-content/uploads/2023/03/talanam2.pdf,pdf/book_lib/talanam2.pdf,pdf,تنبيه الأنام على ما في كتاب سبل السلام من الفوائد والأحكام – المجلد الثاني,ok,
https://alnajmi.net/portal/wp-content/uploads/2023/03/talanam3.pdf,pdf/book_lib/talanam3.pdf,pdf,تنبيه الأنام على ما في كتاب سبل السلام من الفوائد والأحكام – المجلد الثالث,ok,
https://alnajmi.net/portal/wp-content/uploads/2023/06/talanam4-2.pdf,pdf/book_lib/talanam4-2.pdf,pdf,تنبيه الأنام على ما في كتاب سبل السلام من الفوائد والأحكام – المجلد الرابع,ok,
https://alnajmi.net/portal/wp-content/uploads/2023/03/talanam5.pdf,pdf/book_lib/talanam5.pdf,pdf,تنبيه الأنام على ما في كتاب سبل السلام من الفوائد والأحكام – المجلد الخامس,ok,
https://alnajmi.net/portal/wp-content/uploads/2023/03/talanam6.pdf,pdf/book_lib/talanam6.pdf,pdf,تنبيه الأنام على ما في كتاب سبل السلام من الفوائد والأحكام – المجلد السادس,ok,
https://alnajmi.net/portal/wp-content/uploads/2023/03/talanam7.pdf,pdf/book_lib/talanam7.pdf,pdf,تنبيه الأنام على ما في كتاب سبل السلام من الفوائد والأحكام – المجلد السابع,ok,
https://alnajmi.net/portal/wp-content/uploads/2023/03/talanam8.pdf,pdf/book_lib/talanam8.pdf,pdf,تنبيه الأنام على ما في كتاب سبل السلام من الفوائد والأحكام – المجلد الثامن,ok,
https://alnajmi.net/portal/wp-content/uploads/2019/01/فتح-الرحيم-الودود-في-التعليق-على-كتاب-السنة-من-سنن-الإمام-أبي-داود.pdf,pdf/book_lib/فتح-الرحيم-الودود-في-التعليق-على-كتاب-السنة-من-سنن-الإمام-أبي-داود.pdf,pdf,فتح الرحيم الودود في التعليق على كتاب السنة من سنن الإمام أبي داود,ok,
https://alnajmi.net/portal/wp-content/uploads/2019/01/أسئلة-الشيخ-طارق-الهاشمي-من-قطر.pdf,pdf/book_lib/أسئلة-الشيخ-طارق-الهاشمي-من-قطر.pdf,pdf,أسئلة الشيخ طارق الهاشمي من قطر,ok,
https://alnajmi.net/portal/wp-content/uploads/2019/01/أسئلة-الشيخ-عبد-الله-الظفيري.pdf,pdf/book_lib/أسئلة-الشيخ-عبد-الله-الظفيري.pdf,pdf,أسئلة الشيخ عبد الله الظفيري,ok,
https://alnajmi.net/portal/wp-content/uploads/2019/01/أسئلة-أهل-فرنسا.pdf,pdf/book_lib/أسئلة-أهل-فرنسا.pdf,pdf,أسئلة أهل فرنسا,ok,
https://alnajmi.net/portal/wp-content/uploads/2019/01/أسئلة-ذي-القرنين-الأندونيسي.pdf,pdf/book_lib/أسئلة-ذي-القرنين-الأندونيسي.pdf,pdf,أسئلة ذي القرنين الأندونيسي,ok,
https://alnajmi.net/portal/wp-content/uploads/2019/01/mkl1.pdf,pdf/book_lib/mkl1.pdf,pdf,الفتاوى الجلية عن المناهج الدعوية ( الجزء الأول ),ok,
https://alnajmi.net/portal/wp-content/uploads/2019/01/mkl2.pdf,pdf/book_lib/mkl2.pdf,pdf,الفتاوى الجلية عن المناهج الدعوية ( الجزء الثاني ),ok,
https://alnajmi.net/portal/wp-content/uploads/2019/01/فتاوى-الصيام.pdf,pdf/book_lib/فتاوى-الصيام.pdf,pdf,فتاوى الصيام,ok,
https://alnajmi.net/portal/wp-content/uploads/2019/01/فتح-الرب-الودود-في-الفتاوى-و-الرسائل-و-الردود-الجزء-الأول.pdf,pdf/book_lib/فتح-الرب-الودود-في-الفتاوى-و-الرسائل-و-الردود-الجزء-الأول.pdf,pdf,فتح الرب الودود في الفتاوى و الرسائل و الردود – الجزء الأول,ok,
https://alnajmi.net/portal/wp-content/uploads/2019/01/فتح-الرب-الودود-في-الفتاوى-و-الرسائل-و-الردود-الجزء-الثاني.pdf,pdf/book_lib/فتح-الرب-الودود-في-الفتاوى-و-الرسائل-و-الردود-الجزء-الثاني.pdf,pdf,فتح الرب الودود في الفتاوى و الرسائل و الردود – الجزء الثاني,ok,
https://alnajmi.net/portal/wp-content/uploads/2019/01/إرشاد-الساري.pdf,pdf/book_lib/إرشاد-الساري.pdf,pdf,إرشاد الساري,ok,
https://alnajmi.net/portal/wp-content/uploads/2019/01/الإبانة-عن-أصول-الديانة.pdf,pdf/book_lib/الإبانة-عن-أصول-الديانة.pdf,pdf,الإبانة عن أصول الديانة,ok,
https://alnajmi.net/portal/wp-content/uploads/2019/01/التعليقات-البهية-على-الرسائل-الأربع-العقدية-طبعة-جديدة-.pdf,pdf/book_lib/التعليقات-البهية-على-الرسائل-الأربع-العقدية-طبعة-جديدة-.pdf,pdf,التعليقات البهية على الرسائل الأربع العقدية ( طبعة جديدة ),ok,
https://alnajmi.net/portal/wp-content/uploads/2019/01/الدرر-النجمية-في-رد-بعض-الشبهات-العقدية-والمنهجية.pdf,pdf/book_lib/الدرر-النجمية-في-رد-بعض-الشبهات-العقدية-والمنهجية.pdf,pdf,الدرر النجمية في رد بعض الشبهات العقدية والمنهجية,ok,
https://alnajmi.net/portal/wp-content/uploads/2019/01/الشرح-الموجز-الممهد.pdf,pdf/book_lib/الشرح-الموجز-الممهد.pdf,pdf,الشرح الموجز الممهد,ok,
https://alnajmi.net/portal/wp-content/uploads/2019/01/الطائفة-الناجية-المنصورة.pdf,pdf/book_lib/الطائفة-الناجية-المنصورة.pdf,pdf,الطائفة الناجية المنصورة,ok,
https://alnajmi.net/portal/wp-content/uploads/2019/01/الفتح-الرباني-في-الدفاع-عن-الشيخ-محمد-ناصر-الدين-الألباني.pdf,pdf/book_lib/الفتح-الرباني-في-الدفاع-عن-الشيخ-محمد-ناصر-الدين-الألباني.pdf,pdf,الفتح الرباني في الدفاع عن الشيخ محمد ناصر الدين الألباني,ok,
https://alnajmi.net/portal/wp-content/uploads/2019/01/القيروانية.pdf,pdf/book_lib/القيروانية.pdf,pdf,القيروانية,ok,
https://alnajmi.net/portal/wp-content/uploads/2019/01/المورد-العذب-الزلال-فيما-انتقد-على-بعض-المناهج-الدعوية-من-العقائد-والأعمال.pdf,pdf/book_lib/المورد-العذب-الزلال-فيما-انتقد-على-بعض-المناهج-الدعوية-من-العقائد-والأعمال.pdf,pdf,المورد العذب الزلال فيما انتقد على بعض المناهج الدعوية من العقائد والأعمال,ok,
https://alnajmi.net/portal/wp-content/uploads/2019/01/أوضح-الإشارة.pdf,pdf/book_lib/أوضح-الإشارة.pdf,pdf,أوضح الإشارة,ok,
https://alnajmi.net/portal/wp-content/uploads/2019/01/رد-الجواب-على-من-طلب-مني-عدم-طبع-الكتاب-ويليه-الرد-الشرعي-المعقول-على-المتصل-المجهول.pdf,pdf/book_lib/رد-الجواب-على-من-طلب-مني-عدم-طبع-الكتاب-ويليه-الرد-الشرعي-المعقول-على-المتصل-المجهول.pdf,pdf,رد الجواب على من طلب مني عدم طبع الكتاب ويليه الرد الشرعي المعقول على المتصل المجهول,ok,
https://alnajmi.net/portal/wp-content/uploads/2019/01/رسالة-الإرشاد-إلى-بيان-الحق-في-حكم-الجهاد.pdf,pdf/book_lib/رسالة-الإرشاد-إلى-بيان-الحق-في-حكم-الجهاد.pdf,pdf,رسالة الإرشاد إلى بيان الحق في حكم الجهاد,ok,
https://alnajmi.net/portal/wp-content/uploads/2019/01/شرح-أصول-السنة.pdf,pdf/book_lib/شرح-أصول-السنة.pdf,pdf,شرح أصول السنة,ok,
https://alnajmi.net/portal/wp-content/uploads/2019/01/فتح-الرب-الغني-بتوضيح-شرح-السنة-للمزني-طبعة-جديدة-.pdf,pdf/book_lib/فتح-الرب-الغني-بتوضيح-شرح-السنة-للمزني-طبعة-جديدة-.pdf,pdf,فتح الرب الغني بتوضيح شرح السنة للمزني ( طبعة جديدة ),ok,
https://alnajmi.net/portal/wp-content/uploads/2019/01/منهج-أئمة-الدعوة-في-مسائل-التوسل-والاستغاثة.pdf,pdf/book_lib/منهج-أئمة-الدعوة-في-مسائل-التوسل-والاستغاثة.pdf,pdf,منهج أئمة الدعوة في مسائل التوسل والاستغاثة,ok,
https://alnajmi.net/portal/wp-content/uploads/2019/01/فتح-الرب-الغفور-ذي-الرحمة-في-شرح-الواجبات-المحتمات-المعرفة-على-كل-مسلم-ومسلمة.pdf,pdf/book_lib/فتح-الرب-الغفور-ذي-الرحمة-في-شرح-الواجبات-المحتمات-المعرفة-على-كل-مسلم-ومسلمة.pdf,pdf,فتح الرب الغفور ذي الرحمة في شرح الواجبات المحتمات المعرفة على كل مسلم ومسلمة,ok,
https://alnajmi.net/portal/wp-content/uploads/2019/01/وصيته-قبل-وفاته-رحمه-الله.pdf,pdf/book_lib/وصيته-قبل-وفاته-رحمه-الله.pdf,pdf,وصيته قبل وفاته رحمه الله,ok,
https://alnajmi.net/portal/wp-content/uploads/2023/02/k.pdf,pdf/book_lib/k.pdf,pdf,الفضل المبين من رب العالمين بالتعليق على أصل السنة واعتقاد الدين للإمامين أبي زرعة وأبي حاتم الرازي,ok,
https://alnajmi.net/portal/wp-content/uploads/2019/01/السلفيون-بريئون-من-الأعمال-الإرهابية-مترجم-للغة-الروسية-.pdf,pdf/book_lib/السلفيون-بريئون-من-الأعمال-الإرهابية-مترجم-للغة-الروسية-.pdf,pdf,السلفيون بريئون من الأعمال الإرهابية [ مترجم للغة الروسية ],ok,
https://alnajmi.net/portal/wp-content/uploads/2019/01/بابُ-الإِسْتِطَابَةِ-وباب-السواك-من-تأسيس-الأحكام-بالإندونيسية.pdf,pdf/book_lib/بابُ-الإِسْتِطَابَةِ-وباب-السواك-من-تأسيس-الأحكام-بالإندونيسية.pdf,pdf,بابُ الإِسْتِطَابَةِ وباب السواك من تأسيس الأحكام – بالإندونيسية,ok,
https://alnajmi.net/portal/wp-content/uploads/2019/01/بَابُ-التَّيَمُّم-من-تأسيس-الأحكام-بالإندونيسية.pdf,pdf/book_lib/بَابُ-التَّيَمُّم-من-تأسيس-الأحكام-بالإندونيسية.pdf,pdf,بَابُ التَّيَمُّم من تأسيس الأحكام – بالإندونيسية,ok,
https://alnajmi.net/portal/wp-content/uploads/2019/01/بابُ-المَسْحِ-عَلَى-الخُفَّيْن-من-تأسيس-الأحكام-بالإندونيسية.pdf,pdf/book_lib/بابُ-المَسْحِ-عَلَى-الخُفَّيْن-من-تأسيس-الأحكام-بالإندونيسية.pdf,pdf,بابُ المَسْحِ عَلَى الخُفَّيْن من تأسيس الأحكام-بالإندونيسية,ok,
https://alnajmi.net/portal/wp-content/uploads/2019/01/بَابُ-غُسْلِ-الجَنَابَة-من-تأسيس-الأحكام-بالإندونيسية.pdf,pdf/book_lib/بَابُ-غُسْلِ-الجَنَابَة-من-تأسيس-الأحكام-بالإندونيسية.pdf,pdf,بَابُ غُسْلِ الجَنَابَة من تأسيس الأحكام – بالإندونيسية,ok,
https://alnajmi.net/portal/wp-content/uploads/2019/01/بَابٌ-فِي-المَذْيِ-وَغَيْرِهِ-من-تأسيس-الأحكام-بالإندونيسية.pdf,pdf/book_lib/بَابٌ-فِي-المَذْيِ-وَغَيْرِهِ-من-تأسيس-الأحكام-بالإندونيسية.pdf,pdf,بَابٌ فِي المَذْيِ وَغَيْرِهِ من تأسيس الأحكام – بالإندونيسية,ok,
https://alnajmi.net/portal/wp-content/uploads/2019/01/ترجمة-كتاب-السلفيون-بريئون-من-الأعمال-الإرهابية-الالمانية-.pdf,pdf/book_lib/ترجمة-كتاب-السلفيون-بريئون-من-الأعمال-الإرهابية-الالمانية-.pdf,pdf,ترجمة كتاب السلفيون بريئون من الأعمال الإرهابية ( الالمانية ),ok,
https://alnajmi.net/portal/wp-content/uploads/2019/01/ترجمة-كتاب-بعض-فتاوى-الصيام-من-فتح-الرب-الودود-الالمانية-.pdf,pdf/book_lib/ترجمة-كتاب-بعض-فتاوى-الصيام-من-فتح-الرب-الودود-الالمانية-.pdf,pdf,ترجمة كتاب بعض فتاوى الصيام من فتح الرب الودود ( الالمانية ),ok,
https://alnajmi.net/portal/wp-content/uploads/2019/01/ترجمة-كتاب-لماذا-التوحيد-أولا-الالمانية-.pdf,pdf/book_lib/ترجمة-كتاب-لماذا-التوحيد-أولا-الالمانية-.pdf,pdf,ترجمة كتاب لماذا التوحيد أولا ( الالمانية ),ok,
https://alnajmi.net/portal/wp-content/uploads/2019/01/ترجمة-كتاب-لماذا-التوحيد-أولاً-بالإنجليزية-.pdf,pdf/book_lib/ترجمة-كتاب-لماذا-التوحيد-أولاً-بالإنجليزية-.pdf,pdf,ترجمة كتاب لماذا التوحيد أولاً ( بالإنجليزية ),ok,
https://alnajmi.net/portal/wp-content/uploads/2019/01/تعليق-الشيخ-أحمد-بن-يحيى-النجمي-ــ-على-كتاب-الابانة-عن-شريعة-الفرقة-الناجية-.pdf,pdf/comments/تعليق-الشيخ-أحمد-بن-يحيى-النجمي-ــ-على-كتاب-الابانة-عن-شريعة-الفرقة-الناجية-.pdf,pdf,تعليق الشيخ أحمد بن يحيى النجمي ــ على كتاب ( الابانة عن شريعة الفرقة الناجية ),ok,
https://alnajmi.net/portal/wp-content/uploads/2019/01/تعليق-الشيخ-أحمد-بن-يحيى-النجمي-ــ-على-كتاب-الاسلام-عقيدة-وعبادة-واخلاقا-.pdf,pdf/comments/تعليق-الشيخ-أحمد-بن-يحيى-النجمي-ــ-على-كتاب-الاسلام-عقيدة-وعبادة-واخلاقا-.pdf,pdf,تعليق الشيخ أحمد بن يحيى النجمي ــ على كتاب ( الاسلام عقيدة وعبادة واخلاقا ),ok,
https://alnajmi.net/portal/wp-content/uploads/2019/01/تعليق-الشيخ-أحمد-بن-يحيى-النجمي-ــ-على-كتاب-التعليق-المختصر-على-القصيدة-النونية-.pdf,pdf/comments/تعليق-الشيخ-أحمد-بن-يحيى-النجمي-ــ-على-كتاب-التعليق-المختصر-على-القصيدة-النونية-.pdf,pdf,تعليق الشيخ أحمد بن يحيى النجمي ــ على كتاب ( التعليق المختصر على القصيدة النونية ),ok,
https://alnajmi.net/portal/wp-content/uploads/2019/01/تعليق-الشيخ-أحمد-بن-يحيى-النجمي-ــ-على-كتاب-الحجة-في-بيان-المحجة-.pdf,pdf/comments/تعليق-الشيخ-أحمد-بن-يحيى-النجمي-ــ-على-كتاب-الحجة-في-بيان-المحجة-.pdf,pdf,تعليق الشيخ أحمد بن يحيى النجمي ــ على كتاب ( الحجة في بيان المحجة ),ok,
https://alnajmi.net/portal/wp-content/uploads/2019/01/تعليق-الشيخ-أحمد-بن-يحيى-النجمي-ــ-على-كتاب-الخطر-اليهودي-.pdf,pdf/comments/تعليق-الشيخ-أحمد-بن-يحيى-النجمي-ــ-على-كتاب-الخطر-اليهودي-.pdf,pdf,تعليق الشيخ أحمد بن يحيى النجمي ــ على كتاب ( الخطر اليهودي ),ok,
https://alnajmi.net/portal/wp-content/uploads/2019/01/تعليق-الشيخ-أحمد-بن-يحيى-النجمي-ــ-على-كتاب-الصارم-المسلول-.pdf,pdf/comments/تعليق-الشيخ-أحمد-بن-يحيى-النجمي-ــ-على-كتاب-الصارم-المسلول-.pdf,pdf,تعليق الشيخ أحمد بن يحيى النجمي ــ على كتاب ( الرد على الجهمية ),ok,
https://alnajmi.net/portal/wp-content/uploads/2019/01/تعليق-الشيخ-أحمد-بن-يحيى-النجمي-ــ-على-كتاب-المدخل-.pdf,pdf/comments/تعليق-الشيخ-أحمد-بن-يحيى-النجمي-ــ-على-كتاب-المدخل-.pdf,pdf,تعليق الشيخ أحمد بن يحيى النجمي ــ على كتاب ( المدخل ),ok,
https://alnajmi.net/portal/wp-content/uploads/2019/01/تعليق-الشيخ-أحمد-بن-يحيى-النجمي-ــ-على-كتاب-ترجمة-صاحب-كتاب-التوحيد-.pdf,pdf/comments/تعليق-الشيخ-أحمد-بن-يحيى-النجمي-ــ-على-كتاب-ترجمة-صاحب-كتاب-التوحيد-.pdf,pdf,تعليق الشيخ أحمد بن يحيى النجمي ــ على كتاب ( ترجمة صاحب كتاب التوحيد ),ok,
https://alnajmi.net/portal/wp-content/uploads/2019/01/تعليق-الشيخ-أحمد-بن-يحيى-النجمي-ــ-على-كتاب-مجموع-فتاوى-ابن-تيمية-الإيمان-.pdf,pdf/comments/تعليق-الشيخ-أحمد-بن-يحيى-النجمي-ــ-على-كتاب-مجموع-فتاوى-ابن-تيمية-الإيمان-.pdf,pdf,تعليق الشيخ أحمد بن يحيى النجمي ــ على كتاب ( مجموع فتاوى ابن تيمية – الإيمان ),ok,
https://alnajmi.net/portal/wp-content/uploads/2019/01/تعليق-الشيخ-أحمد-بن-يحيى-النجمي-ــ-على-كتاب-مجموع-فتاوى-ابن-تيمية-الفقه-الجزء-الثامن-الجهاد-.pdf,pdf/comments/تعليق-الشيخ-أحمد-بن-يحيى-النجمي-ــ-على-كتاب-مجموع-فتاوى-ابن-تيمية-الفقه-الجزء-الثامن-الجهاد-.pdf,pdf,تعليق الشيخ أحمد بن يحيى النجمي ــ على كتاب ( مجموع فتاوى ابن تيمية – الفقه – الجزء الثامن – الجهاد ),ok,
https://alnajmi.net/portal/wp-content/uploads/2019/01/تعليق-الشيخ-أحمد-بن-يحيى-النجمي-ــ-على-كتاب-مجموع-فتاوى-ابن-تيمية-الفقه-الجزء-الرابع-.pdf,pdf/comments/تعليق-الشيخ-أحمد-بن-يحيى-النجمي-ــ-على-كتاب-مجموع-فتاوى-ابن-تيمية-الفقه-الجزء-الرابع-.pdf,pdf,تعليق الشيخ أحمد بن يحيى النجمي ــ على كتاب ( مجموع فتاوى ابن تيمية – الفقه- الجزء الرابع ),ok,
https://alnajmi.net/portal/wp-content/uploads/2019/01/تعليق-الشيخ-أحمد-بن-يحيى-النجمي-ــ-على-كتاب-مجموع-فتاوى-ابن-تيمية-مُفصّل-الاعتقاد-.pdf,pdf/comments/تعليق-الشيخ-أحمد-بن-يحيى-النجمي-ــ-على-كتاب-مجموع-فتاوى-ابن-تيمية-مُفصّل-الاعتقاد-.pdf,pdf,تعليق الشيخ أحمد بن يحيى النجمي ــ على كتاب ( مجموع فتاوى ابن تيمية – مُفصّل الاعتقاد ),ok,
https://alnajmi.net/portal/wp-content/uploads/2019/01/تعليق-الشيخ-أحمد-بن-يحيى-النجمي-ــ-على-كتاب-أسنى-المطالب-.pdf,pdf/comments/تعليق-الشيخ-أحمد-بن-يحيى-النجمي-ــ-على-كتاب-أسنى-المطالب-.pdf,pdf,تعليق الشيخ أحمد بن يحيى النجمي ــ على كتاب (أسنى المطالب ),ok,
https://alnajmi.net/portal/wp-content/uploads/2019/01/تعليق-الشيخ-أحمد-بن-يحيى-النجمي-ــ-على-كتاب-الاعتصام-.pdf,pdf/comments/تعليق-الشيخ-أحمد-بن-يحيى-النجمي-ــ-على-كتاب-الاعتصام-.pdf,pdf,تعليق الشيخ أحمد بن يحيى النجمي ــ على كتاب (الاعتصام ),ok,
https://alnajmi.net/portal/wp-content/uploads/2019/01/تعليق-الشيخ-أحمد-بن-يحيى-النجمي-ــ-على-كتاب-الشيوعية-والانسانية-في-شريعة-الاسلام-.pdf,pdf/comments/تعليق-الشيخ-أحمد-بن-يحيى-النجمي-ــ-على-كتاب-الشيوعية-والانسانية-في-شريعة-الاسلام-.pdf,pdf,تعليق الشيخ أحمد بن يحيى النجمي ــ على كتاب (الشيوعية والانسانية في شريعة الاسلام ),ok,
https://alnajmi.net/portal/wp-content/uploads/2019/01/تعليق-الشيخ-أحمد-بن-يحيى-النجمي-ــ-على-كتاب-بغية-المرتاد-.pdf,pdf/comments/تعليق-الشيخ-أحمد-بن-يحيى-النجمي-ــ-على-كتاب-بغية-المرتاد-.pdf,pdf,تعليق الشيخ أحمد بن يحيى النجمي ــ على كتاب (بغية المرتاد ),ok,
https://alnajmi.net/portal/wp-content/uploads/2019/01/تعليق-الشيخ-أحمد-بن-يحيى-النجمي-ــ-على-كتاب-شفاء-العليل.pdf,pdf/comments/تعليق-الشيخ-أحمد-بن-يحيى-النجمي-ــ-على-كتاب-شفاء-العليل.pdf,pdf,تعليق الشيخ أحمد بن يحيى النجمي ــ على كتاب (شفاء العليل),ok,
https://alnajmi.net/portal/wp-content/uploads/2019/01/تعليق-الشيخ-أحمد-بن-يحيى-النجمي-ــ-على-كتاب-قطف-الثمر-.pdf,pdf/comments/تعليق-الشيخ-أحمد-بن-يحيى-النجمي-ــ-على-كتاب-قطف-الثمر-.pdf,pdf,تعليق الشيخ أحمد بن يحيى النجمي ــ على كتاب (قطف الثمر ),ok,
https://alnajmi.net/portal/wp-content/uploads/2019/01/تعليق-فضيلة-الشيخ-العلامة-ــ-أحمد-بن-يحيى-النجمي-ــ-على-كتاب-ابن-تيمية-حياته-وعصره-آراؤه-وفقهه-.pdf,pdf/comments/تعليق-فضيلة-الشيخ-العلامة-ــ-أحمد-بن-يحيى-النجمي-ــ-على-كتاب-ابن-تيمية-حياته-وعصره-آراؤه-وفقهه-.pdf,pdf,تعليق فضيلة الشيخ العلامة ــ أحمد بن يحيى النجمي ــ على كتاب ( ابن تيمية حياته وعصره – آراؤه وفقهه ),ok,
https://alnajmi.net/portal/wp-content/uploads/2019/01/تعليق-فضيلة-الشيخ-العلامة-ــ-أحمد-بن-يحيى-النجمي-ــ-على-كتاب-أساس-البلاغة-.pdf,pdf/comments/تعليق-فضيلة-الشيخ-العلامة-ــ-أحمد-بن-يحيى-النجمي-ــ-على-كتاب-أساس-البلاغة-.pdf,pdf,تعليق فضيلة الشيخ العلامة ــ أحمد بن يحيى النجمي ــ على كتاب ( أساس البلاغة ),ok,
https://alnajmi.net/portal/wp-content/uploads/2019/01/تعليق-فضيلة-الشيخ-العلامة-ــ-أحمد-بن-يحيى-النجمي-ــ-على-كتاب-إغاثة-اللهفان-من-مصايد-الشيطان-.pdf,pdf/comments/تعليق-فضيلة-الشيخ-العلامة-ــ-أحمد-بن-يحيى-النجمي-ــ-على-كتاب-إغاثة-اللهفان-من-مصايد-الشيطان-.pdf,pdf,تعليق فضيلة الشيخ العلامة ــ أحمد بن يحيى النجمي ــ على كتاب ( إغاثة اللهفان من مصايد الشيطان ),ok,
https://alnajmi.net/portal/wp-content/uploads/2019/01/تعليق-فضيلة-الشيخ-العلامة-ــ-أحمد-بن-يحيى-النجمي-ــ-على-كتاب-الإستقامة-لابن-تيمية-.pdf,pdf/comments/تعليق-فضيلة-الشيخ-العلامة-ــ-أحمد-بن-يحيى-النجمي-ــ-على-كتاب-الإستقامة-لابن-تيمية-.pdf,pdf,تعليق فضيلة الشيخ العلامة ــ أحمد بن يحيى النجمي ــ على كتاب ( الإستقامة لابن تيمية ),ok,
https://alnajmi.net/portal/wp-content/uploads/2019/01/تعليق-فضيلة-الشيخ-العلامة-ــ-أحمد-بن-يحيى-النجمي-ــ-على-كتاب-البهائية-.pdf,pdf/comments/تعليق-فضيلة-الشيخ-العلامة-ــ-أحمد-بن-يحيى-النجمي-ــ-على-كتاب-البهائية-.pdf,pdf,تعليق فضيلة الشيخ العلامة ــ أحمد بن يحيى النجمي ــ على كتاب ( البهائية ),ok,
https://alnajmi.net/portal/wp-content/uploads/2019/01/تعليق-فضيلة-الشيخ-العلامة-ــ-أحمد-بن-يحيى-النجمي-ــ-على-كتاب-التاج-الجامع-للأصول-ج-1-.pdf,pdf/comments/تعليق-فضيلة-الشيخ-العلامة-ــ-أحمد-بن-يحيى-النجمي-ــ-على-كتاب-التاج-الجامع-للأصول-ج-1-.pdf,pdf,تعليق فضيلة الشيخ العلامة ــ أحمد بن يحيى النجمي ــ على كتاب ( التاج الجامع للأصول – ج 1 ),ok,
https://alnajmi.net/portal/wp-content/uploads/2019/01/تعليق-فضيلة-الشيخ-العلامة-ــ-أحمد-بن-يحيى-النجمي-ــ-على-كتاب-التاج-الجامع-للأصول-ج-5-.pdf,pdf/comments/تعليق-فضيلة-الشيخ-العلامة-ــ-أحمد-بن-يحيى-النجمي-ــ-على-كتاب-التاج-الجامع-للأصول-ج-5-.pdf,pdf,تعليق فضيلة الشيخ العلامة ــ أحمد بن يحيى النجمي ــ على كتاب ( التاج الجامع للأصول – ج 5 ),ok,
https://alnajmi.net/portal/wp-content/uploads/2019/01/تعليق-فضيلة-الشيخ-العلامة-ــ-أحمد-بن-يحيى-النجمي-ــ-على-كتاب-التعريفات-.pdf,pdf/comments/تعليق-فضيلة-الشيخ-العلامة-ــ-أحمد-بن-يحيى-النجمي-ــ-على-كتاب-التعريفات-.pdf,pdf,تعليق فضيلة الشيخ العلامة ــ أحمد بن يحيى النجمي ــ على كتاب ( التعريفات ),ok,
https://alnajmi.net/portal/wp-content/uploads/2019/01/تعليق-فضيلة-الشيخ-العلامة-ــ-أحمد-بن-يحيى-النجمي-ــ-على-كتاب-الجامع-الصحيح-.pdf,pdf/comments/تعليق-فضيلة-الشيخ-العلامة-ــ-أحمد-بن-يحيى-النجمي-ــ-على-كتاب-الجامع-الصحيح-.pdf,pdf,تعليق فضيلة الشيخ العلامة ــ أحمد بن يحيى النجمي ــ على كتاب ( الجامع الصحيح ),ok,
https://alnajmi.net/portal/wp-content/uploads/2019/01/تعليق-فضيلة-الشيخ-العلامة-ــ-أحمد-بن-يحيى-النجمي-ــ-على-كتاب-الدرر-السنية-في-الأجوبة-النجدية-.pdf,pdf/comments/تعليق-فضيلة-الشيخ-العلامة-ــ-أحمد-بن-يحيى-النجمي-ــ-على-كتاب-الدرر-السنية-في-الأجوبة-النجدية-.pdf,pdf,تعليق فضيلة الشيخ العلامة ــ أحمد بن يحيى النجمي ــ على كتاب ( الدرر السنية في الأجوبة النجدية ),ok,
https://alnajmi.net/portal/wp-content/uploads/2019/01/تعليق-فضيلة-الشيخ-العلامة-ــ-أحمد-بن-يحيى-النجمي-ــ-على-كتاب-العذر-بالجهل-عقيدة-السلف-.pdf,pdf/comments/تعليق-فضيلة-الشيخ-العلامة-ــ-أحمد-بن-يحيى-النجمي-ــ-على-كتاب-العذر-بالجهل-عقيدة-السلف-.pdf,pdf,تعليق فضيلة الشيخ العلامة ــ أحمد بن يحيى النجمي ــ على كتاب ( العذر بالجهل عقيدة السلف ),ok,
https://alnajmi.net/portal/wp-content/uploads/2019/01/تعليق-فضيلة-الشيخ-العلامة-ــ-أحمد-بن-يحيى-النجمي-ــ-على-كتاب-المروءة-وخوارمها-.pdf,pdf/comments/تعليق-فضيلة-الشيخ-العلامة-ــ-أحمد-بن-يحيى-النجمي-ــ-على-كتاب-المروءة-وخوارمها-.pdf,pdf,تعليق فضيلة الشيخ العلامة ــ أحمد بن يحيى النجمي ــ على كتاب ( المروءة وخوارمها ),ok,
https://alnajmi.net/portal/wp-content/uploads/2019/01/تعليق-فضيلة-الشيخ-العلامة-ــ-أحمد-بن-يحيى-النجمي-ــ-على-كتاب-سبل-السلام-.pdf,pdf/comments/تعليق-فضيلة-الشيخ-العلامة-ــ-أحمد-بن-يحيى-النجمي-ــ-على-كتاب-سبل-السلام-.pdf,pdf,تعليق فضيلة الشيخ العلامة ــ أحمد بن يحيى النجمي ــ على كتاب ( سبل السلام ),ok,
https://alnajmi.net/portal/wp-content/uploads/2019/01/تعليق-فضيلة-الشيخ-العلامة-ــ-أحمد-بن-يحيى-النجمي-ــ-على-كتاب-شذرات-الذهب-في-أخبار-من-ذهب-.pdf,pdf/comments/تعليق-فضيلة-الشيخ-العلامة-ــ-أحمد-بن-يحيى-النجمي-ــ-على-كتاب-شذرات-الذهب-في-أخبار-من-ذهب-.pdf,pdf,تعليق فضيلة الشيخ العلامة ــ أحمد بن يحيى النجمي ــ على كتاب ( شذرات الذهب في أخبار من ذهب ),ok,
https://alnajmi.net/portal/wp-content/uploads/2019/01/تعليق-فضيلة-الشيخ-العلامة-ــ-أحمد-بن-يحيى-النجمي-ــ-على-كتاب-صحيح-الجامع-الصغير-.pdf,pdf/comments/تعليق-فضيلة-الشيخ-العلامة-ــ-أحمد-بن-يحيى-النجمي-ــ-على-كتاب-صحيح-الجامع-الصغير-.pdf,pdf,تعليق فضيلة الشيخ العلامة ــ أحمد بن يحيى النجمي ــ على كتاب ( صحيح الجامع الصغير ),ok,
https://alnajmi.net/portal/wp-content/uploads/2019/01/تعليق-فضيلة-الشيخ-العلامة-ــ-أحمد-بن-يحيى-النجمي-ــ-على-كتاب-فتح-الباري-بشرح-صحيح-البخاري-1-.pdf,pdf/comments/تعليق-فضيلة-الشيخ-العلامة-ــ-أحمد-بن-يحيى-النجمي-ــ-على-كتاب-فتح-الباري-بشرح-صحيح-البخاري-1-.pdf,pdf,تعليق فضيلة الشيخ العلامة ــ أحمد بن يحيى النجمي ــ على كتاب ( فتح الباري بشرح صحيح البخاري – 1 ),ok,
https://alnajmi.net/portal/wp-content/uploads/2019/01/تعليق-فضيلة-الشيخ-العلامة-ــ-أحمد-بن-يحيى-النجمي-ــ-على-كتاب-فتح-الباري-بشرح-صحيح-البخاري-2-.pdf,pdf/comments/تعليق-فضيلة-الشيخ-العلامة-ــ-أحمد-بن-يحيى-النجمي-ــ-على-كتاب-فتح-الباري-بشرح-صحيح-البخاري-2-.pdf,pdf,تعليق فضيلة الشيخ العلامة ــ أحمد بن يحيى النجمي ــ على كتاب ( فتح الباري بشرح صحيح البخاري – 2 ),ok,
https://alnajmi.net/portal/wp-content/uploads/2019/01/تعليق-فضيلة-الشيخ-العلامة-ــ-أحمد-بن-يحيى-النجمي-ــ-على-كتاب-مجموع-الرسائل-المفيدة-.pdf,pdf/comments/تعليق-فضيلة-الشيخ-العلامة-ــ-أحمد-بن-يحيى-النجمي-ــ-على-كتاب-مجموع-الرسائل-المفيدة-.pdf,pdf,تعليق فضيلة الشيخ العلامة ــ أحمد بن يحيى النجمي ــ على كتاب ( مجموع الرسائل المفيدة ),ok,
https://alnajmi.net/portal/wp-content/uploads/2019/01/تعليق-فضيلة-الشيخ-العلامة-ــ-أحمد-بن-يحيى-النجمي-ــ-على-كتاب-مشكل-الحديث-وبيانه-.pdf,pdf/comments/تعليق-فضيلة-الشيخ-العلامة-ــ-أحمد-بن-يحيى-النجمي-ــ-على-كتاب-مشكل-الحديث-وبيانه-.pdf,pdf,تعليق فضيلة الشيخ العلامة ــ أحمد بن يحيى النجمي ــ على كتاب ( مشكل الحديث وبيانه ),ok,
https://alnajmi.net/portal/wp-content/uploads/2019/01/تعليق-فضيلة-الشيخ-العلامة-ــ-أحمد-بن-يحيى-النجمي-ــ-على-كتاب-مشكلات-الأحاديث-النبوية-وبيانها-.pdf,pdf/comments/تعليق-فضيلة-الشيخ-العلامة-ــ-أحمد-بن-يحيى-النجمي-ــ-على-كتاب-مشكلات-الأحاديث-النبوية-وبيانها-.pdf,pdf,تعليق فضيلة الشيخ العلامة ــ أحمد بن يحيى النجمي ــ على كتاب ( مشكلات الأحاديث النبوية وبيانها ),ok,
https://alnajmi.net/portal/wp-content/uploads/2019/01/المجموع-الندي-في-سيرة-العلامة-أحمد-النجمي.pdf,pdf/cv_ar/المجموع-الندي-في-سيرة-العلامة-أحمد-النجمي.pdf,pdf,المجموع الندي في سيرة العلامة النجمي,ok,
https://alnajmi.net/portal/wp-content/uploads/2019/01/جهود-العلامة-أحمد-النجمي-في-خدمة-السنة-وعلومها.pdf,pdf/cv_ar/جهود-العلامة-أحمد-النجمي-في-خدمة-السنة-وعلومها.pdf,pdf,جهود الشيخ في خدمة السنة وعلومها,ok,
https://alnajmi.net/portal/wp-content/uploads/2019/01/سيرة-العلامة-أحمد-النجمي-رحمه-الله-بقلم-الشيخ-الفاضل-محمد-بن-هادي-المدخلي-مترجم-باللغة-الفرنسية-.pdf,pdf/cv_ar/سيرة-العلامة-أحمد-النجمي-رحمه-الله-بقلم-الشيخ-الفاضل-محمد-بن-هادي-المدخلي-مترجم-باللغة-الفرنسية-.pdf,pdf,سيرة العلامة النجمي ( باللغة الفرنسية ),ok,
https://alnajmi.net/portal/wp-content/uploads/2019/01/مراسلات-من-الشيخ-أحمد-1.pdf,pdf/messages/مراسلات-من-الشيخ-أحمد-1.pdf,pdf,مراسلات من الشيخ أحمد 1,ok,
https://alnajmi.net/portal/wp-content/uploads/2019/01/مراسلات-من-الشيخ-أحمد-2.pdf,pdf/messages/مراسلات-من-الشيخ-أحمد-2.pdf,pdf,مراسلات من الشيخ أحمد 2,ok,
https://alnajmi.net/portal/wp-content/uploads/2019/01/مراسلات-من-الشيخ-أحمد-3.pdf,pdf/messages/مراسلات-من-الشيخ-أحمد-3.pdf,pdf,مراسلات من الشيخ أحمد 3,ok,
https://alnajmi.net/portal/wp-content/uploads/2019/01/مراسلات-من-الشيخ-أحمد-4.pdf,pdf/messages/مراسلات-من-الشيخ-أحمد-4.pdf,pdf,مراسلات من الشيخ أحمد 4,ok,
https://alnajmi.net/portal/wp-content/uploads/2019/01/مراسلات-الشيخ-أحمد-النجمي-مع-العلماء-رسالة-قديمة-من-الشيخ-عبدالله-القرعاوي.pdf,pdf/messages/مراسلات-الشيخ-أحمد-النجمي-مع-العلماء-رسالة-قديمة-من-الشيخ-عبدالله-القرعاوي.pdf,pdf,مراسلات الشيخ أحمد النجمي مع العلماء – رسالة قديمة من الشيخ عبدالله القرعاوي,ok,
https://alnajmi.net/portal/wp-content/uploads/2019/01/مراسلات-إلى-الشيخ-أحمد-1.pdf,pdf/messages/مراسلات-إلى-الشيخ-أحمد-1.pdf,pdf,مراسلات إلى الشيخ أحمد 1,ok,
https://alnajmi.net/portal/wp-content/uploads/2019/01/مراسلات-إلى-الشيخ-أحمد-2.pdf,pdf/messages/مراسلات-إلى-الشيخ-أحمد-2.pdf,pdf,مراسلات إلى الشيخ أحمد 2,ok,
https://alnajmi.net/portal/wp-content/uploads/2019/01/مراسلات-إلى-الشيخ-أحمد-3.pdf,pdf/messages/مراسلات-إلى-الشيخ-أحمد-3.pdf,pdf,مراسلات إلى الشيخ أحمد 3,ok,
https://alnajmi.net/portal/wp-content/uploads/2019/01/مراسلات-إلى-الشيخ-أحمد-4.pdf,pdf/messages/مراسلات-إلى-الشيخ-أحمد-4.pdf,pdf,مراسلات إلى الشيخ أحمد 4,ok,
https://alnajmi.net/portal/wp-content/uploads/2019/01/مراسلات-إلى-الشيخ-أحمد-5.pdf,pdf/messages/مراسلات-إلى-الشيخ-أحمد-5.pdf,pdf,مراسلات إلى الشيخ أحمد 5,ok,
https://alnajmi.net/portal/wp-content/uploads/2019/01/مراسلات-فضيلة-الشيخ-أحمد-النجمي-مع-المسؤولين.pdf,pdf/messages/مراسلات-فضيلة-الشيخ-أحمد-النجمي-مع-المسؤولين.pdf,pdf,مراسلات فضيلة الشيخ أحمد النجمي مع المسؤولين,ok,
https://alnajmi.net/portal/wp-content/uploads/2019/01/مراسلات-فضيلة-الشيخ-أحمد-النجمي-مع-فضيلة-الشيخ-ابن-باز.pdf,pdf/messages/مراسلات-فضيلة-الشيخ-أحمد-النجمي-مع-فضيلة-الشيخ-ابن-باز.pdf,pdf,مراسلات فضيلة الشيخ أحمد النجمي مع فضيلة الشيخ ابن باز,ok,
https://alnajmi.net/portal/wp-content/uploads/2019/01/مراسلات-فضيلة-الشيخ-أحمد-النجمي-مع-ولاة-الأمر.pdf,pdf/messages/مراسلات-فضيلة-الشيخ-أحمد-النجمي-مع-ولاة-الأمر.pdf,pdf,مراسلات فضيلة الشيخ أحمد النجمي مع ولاة الأمر,ok,
