file-name,title,category,source-url
تعليق-الشيخ-أحمد-بن-يحيى-النجمي-ــ-على-كتاب-الابانة-عن-شريعة-الفرقة-الناجية-.pdf,تعليق الشيخ أحمد بن يحيى النجمي ــ على كتاب ( الابانة عن شريعة الفرقة الناجية ),التعليقات,https://alnajmi.net/portal/wp-content/uploads/2019/01/تعليق-الشيخ-أحمد-بن-يحيى-النجمي-ــ-على-كتاب-الابانة-عن-شريعة-الفرقة-الناجية-.pdf
تعليق-الشيخ-أحمد-بن-يحيى-النجمي-ــ-على-كتاب-الاسلام-عقيدة-وعبادة-واخلاقا-.pdf,تعليق الشيخ أحمد بن يحيى النجمي ــ على كتاب ( الاسلام عقيدة وعبادة واخلاقا ),التعليقات,https://alnajmi.net/portal/wp-content/uploads/2019/01/تعليق-الشيخ-أحمد-بن-يحيى-النجمي-ــ-على-كتاب-الاسلام-عقيدة-وعبادة-واخلاقا-.pdf
تعليق-الشيخ-أحمد-بن-يحيى-النجمي-ــ-على-كتاب-التعليق-المختصر-على-القصيدة-النونية-.pdf,تعليق الشيخ أحمد بن يحيى النجمي ــ على كتاب ( التعليق المختصر على القصيدة النونية ),التعليقات,https://alnajmi.net/portal/wp-content/uploads/2019/01/تعليق-الشيخ-أحمد-بن-يحيى-النجمي-ــ-على-كتاب-التعليق-المختصر-على-القصيدة-النونية-.pdf
تعليق-الشيخ-أحمد-بن-يحيى-النجمي-ــ-على-كتاب-الحجة-في-بيان-المحجة-.pdf,تعليق الشيخ أحمد بن يحيى النجمي ــ على كتاب ( الحجة في بيان المحجة ),التعليقات,https://alnajmi.net/portal/wp-content/uploads/2019/01/تعليق-الشيخ-أحمد-بن-يحيى-النجمي-ــ-على-كتاب-الحجة-في-بيان-المحجة-.pdf
تعليق-الشيخ-أحمد-بن-يحيى-النجمي-ــ-على-كتاب-الخطر-اليهودي-.pdf,تعليق الشيخ أحمد بن يحيى النجمي ــ على كتاب ( الخطر اليهودي ),التعليقات,https://alnajmi.net/portal/wp-content/uploads/2019/01/تعليق-الشيخ-أحمد-بن-يحيى-النجمي-ــ-على-كتاب-الخطر-اليهودي-.pdf
تعليق-الشيخ-أحمد-بن-يحيى-النجمي-ــ-على-كتاب-الصارم-المسلول-.pdf,تعليق الشيخ أحمد بن يحيى النجمي ــ على كتاب ( الرد على الجهمية ),التعليقات,https://alnajmi.net/portal/wp-content/uploads/2019/01/تعليق-الشيخ-أحمد-بن-يحيى-النجمي-ــ-على-كتاب-الصارم-المسلول-.pdf
تعليق-الشيخ-أحمد-بن-يحيى-النجمي-ــ-على-كتاب-المدخل-.pdf,تعليق الشيخ أحمد بن يحيى النجمي ــ على كتاب ( المدخل ),التعليقات,https://alnajmi.net/portal/wp-content/uploads/2019/01/تعليق-الشيخ-أحمد-بن-يحيى-النجمي-ــ-على-كتاب-المدخل-.pdf
تعليق-الشيخ-أحمد-بن-يحيى-النجمي-ــ-على-كتاب-ترجمة-صاحب-كتاب-التوحيد-.pdf,تعليق الشيخ أحمد بن يحيى النجمي ــ على كتاب ( ترجمة صاحب كتاب التوحيد ),التعليقات,https://alnajmi.net/portal/wp-content/uploads/2019/01/تعليق-الشيخ-أحمد-بن-يحيى-النجمي-ــ-على-كتاب-ترجمة-صاحب-كتاب-التوحيد-.pdf
تعليق-الشيخ-أحمد-بن-يحيى-النجمي-ــ-على-كتاب-مجموع-فتاوى-ابن-تيمية-الإيمان-.pdf,تعليق الشيخ أحمد بن يحيى النجمي ــ على كتاب ( مجموع فتاوى ابن تيمية – الإيمان ),التعليقات,https://alnajmi.net/portal/wp-content/uploads/2019/01/تعليق-الشيخ-أحمد-بن-يحيى-النجمي-ــ-على-كتاب-مجموع-فتاوى-ابن-تيمية-الإيمان-.pdf
تعليق-الشيخ-أحمد-بن-يحيى-النجمي-ــ-على-كتاب-مجموع-فتاوى-ابن-تيمية-الفقه-الجزء-الثامن-الجهاد-.pdf,تعليق الشيخ أحمد بن يحيى النجمي ــ على كتاب ( مجموع فتاوى ابن تيمية – الفقه – الجزء الثامن – الجهاد ),التعليقات,https://alnajmi.net/portal/wp-content/uploads/2019/01/تعليق-الشيخ-أحمد-بن-يحيى-النجمي-ــ-على-كتاب-مجموع-فتاوى-ابن-تيمية-الفقه-الجزء-الثامن-الجهاد-.pdf
تعليق-الشيخ-أحمد-بن-يحيى-النجمي-ــ-على-كتاب-مجموع-فتاوى-ابن-تيمية-الفقه-الجزء-الرابع-.pdf,تعليق الشيخ أحمد بن يحيى النجمي ــ على كتاب ( مجموع فتاوى ابن تيمية – الفقه- الجزء الرابع ),التعليقات,https://alnajmi.net/portal/wp-content/uploads/2019/01/تعليق-الشيخ-أحمد-بن-يحيى-النجمي-ــ-على-كتاب-مجموع-فتاوى-ابن-تيمية-الفقه-الجزء-الرابع-.pdf
تعليق-الشيخ-أحمد-بن-يحيى-النجمي-ــ-على-كتاب-مجموع-فتاوى-ابن-تيمية-مُفصّل-الاعتقاد-.pdf,تعليق الشيخ أحمد بن يحيى النجمي ــ على كتاب ( مجموع فتاوى ابن تيمية – مُفصّل الاعتقاد ),التعليقات,https://alnajmi.net/portal/wp-content/uploads/2019/01/تعليق-الشيخ-أحمد-بن-يحيى-النجمي-ــ-على-كتاب-مجموع-فتاوى-ابن-تيمية-مُفصّل-الاعتقاد-.pdf
تعليق-الشيخ-أحمد-بن-يحيى-النجمي-ــ-على-كتاب-أسنى-المطالب-.pdf,تعليق الشيخ أحمد بن يحيى النجمي ــ على كتاب (أسنى المطالب ),التعليقات,https://alnajmi.net/portal/wp-content/uploads/2019/01/تعليق-الشيخ-أحمد-بن-يحيى-النجمي-ــ-على-كتاب-أسنى-المطالب-.pdf
تعليق-الشيخ-أحمد-بن-يحيى-النجمي-ــ-على-كتاب-الاعتصام-.pdf,تعليق الشيخ أحمد بن يحيى النجمي ــ على كتاب (الاعتصام ),التعليقات,https://alnajmi.net/portal/wp-content/uploads/2019/01/تعليق-الشيخ-أحمد-بن-يحيى-النجمي-ــ-على-كتاب-الاعتصام-.pdf
تعليق-الشيخ-أحمد-بن-يحيى-النجمي-ــ-على-كتاب-الشيوعية-والانسانية-في-شريعة-الاسلام-.pdf,تعليق الشيخ أحمد بن يحيى النجمي ــ على كتاب (الشيوعية والانسانية في شريعة الاسلام ),التعليقات,https://alnajmi.net/portal/wp-content/uploads/2019/01/تعليق-الشيخ-أحمد-بن-يحيى-النجمي-ــ-على-كتاب-الشيوعية-والانسانية-في-شريعة-الاسلام-.pdf
تعليق-الشيخ-أحمد-بن-يحيى-النجمي-ــ-على-كتاب-بغية-المرتاد-.pdf,تعليق الشيخ أحمد بن يحيى النجمي ــ على كتاب (بغية المرتاد ),التعليقات,https://alnajmi.net/portal/wp-content/uploads/2019/01/تعليق-الشيخ-أحمد-بن-يحيى-النجمي-ــ-على-كتاب-بغية-المرتاد-.pdf
تعليق-الشيخ-أحمد-بن-يحيى-النجمي-ــ-على-كتاب-شفاء-العليل.pdf,تعليق الشيخ أحمد بن يحيى النجمي ــ على كتاب (شفاء العليل),التعليقات,https://alnajmi.net/portal/wp-content/uploads/2019/01/تعليق-الشيخ-أحمد-بن-يحيى-النجمي-ــ-على-كتاب-شفاء-العليل.pdf
تعليق-الشيخ-أحمد-بن-يحيى-النجمي-ــ-على-كتاب-قطف-الثمر-.pdf,تعليق الشيخ أحمد بن يحيى النجمي ــ على كتاب (قطف الثمر ),التعليقات,https://alnajmi.net/portal/wp-content/uploads/2019/01/تعليق-الشيخ-أحمد-بن-يحيى-النجمي-ــ-على-كتاب-قطف-الثمر-.pdf
تعليق-فضيلة-الشيخ-العلامة-ــ-أحمد-بن-يحيى-النجمي-ــ-على-كتاب-أساس-البلاغة-.pdf,تعليق فضيلة الشيخ العلامة ــ أحمد بن يحيى النجمي ــ على كتاب ( أساس البلاغة ),التعليقات,https://alnajmi.net/portal/wp-content/uploads/2019/01/تعليق-فضيلة-الشيخ-العلامة-ــ-أحمد-بن-يحيى-النجمي-ــ-على-كتاب-أساس-البلاغة-.pdf
تعليق-فضيلة-الشيخ-العلامة-ــ-أحمد-بن-يحيى-النجمي-ــ-على-كتاب-إغاثة-اللهفان-من-مصايد-الشيطان-.pdf,تعليق فضيلة الشيخ العلامة ــ أحمد بن يحيى النجمي ــ على كتاب ( إغاثة اللهفان من مصايد الشيطان ),التعليقات,https://alnajmi.net/portal/wp-content/uploads/2019/01/تعليق-فضيلة-الشيخ-العلامة-ــ-أحمد-بن-يحيى-النجمي-ــ-على-كتاب-إغاثة-اللهفان-من-مصايد-الشيطان-.pdf
تعليق-فضيلة-الشيخ-العلامة-ــ-أحمد-بن-يحيى-النجمي-ــ-على-كتاب-ابن-تيمية-حياته-وعصره-آراؤه-وفقهه-.pdf,تعليق فضيلة الشيخ العلامة ــ أحمد بن يحيى النجمي ــ على كتاب ( ابن تيمية حياته وعصره – آراؤه وفقهه ),التعليقات,https://alnajmi.net/portal/wp-content/uploads/2019/01/تعليق-فضيلة-الشيخ-العلامة-ــ-أحمد-بن-يحيى-النجمي-ــ-على-كتاب-ابن-تيمية-حياته-وعصره-آراؤه-وفقهه-.pdf
تعليق-فضيلة-الشيخ-العلامة-ــ-أحمد-بن-يحيى-النجمي-ــ-على-كتاب-الإستقامة-لابن-تيمية-.pdf,تعليق فضيلة الشيخ العلامة ــ أحمد بن يحيى النجمي ــ على كتاب ( الإستقامة لابن تيمية ),التعليقات,https://alnajmi.net/portal/wp-content/uploads/2019/01/تعليق-فضيلة-الشيخ-العلامة-ــ-أحمد-بن-يحيى-النجمي-ــ-على-كتاب-الإستقامة-لابن-تيمية-.pdf
تعليق-فضيلة-الشيخ-العلامة-ــ-أحمد-بن-يحيى-النجمي-ــ-على-كتاب-البهائية-.pdf,تعليق فضيلة الشيخ العلامة ــ أحمد بن يحيى النجمي ــ على كتاب ( البهائية ),التعليقات,https://alnajmi.net/portal/wp-content/uploads/2019/01/تعليق-فضيلة-الشيخ-العلامة-ــ-أحمد-بن-يحيى-النجمي-ــ-على-كتاب-البهائية-.pdf
تعليق-فضيلة-الشيخ-العلامة-ــ-أحمد-بن-يحيى-النجمي-ــ-على-كتاب-التاج-الجامع-للأصول-ج-1-.pdf,تعليق فضيلة الشيخ العلامة ــ أحمد بن يحيى النجمي ــ على كتاب ( التاج الجامع للأصول – ج 1 ),التعليقات,https://alnajmi.net/portal/wp-content/uploads/2019/01/تعليق-فضيلة-الشيخ-العلامة-ــ-أحمد-بن-يحيى-النجمي-ــ-على-كتاب-التاج-الجامع-للأصول-ج-1-.pdf
تعليق-فضيلة-الشيخ-العلامة-ــ-أحمد-بن-يحيى-النجمي-ــ-على-كتاب-التاج-الجامع-للأصول-ج-5-.pdf,تعليق فضيلة الشيخ العلامة ــ أحمد بن يحيى النجمي ــ على كتاب ( التاج الجامع للأصول – ج 5 ),التعليقات,https://alnajmi.net/portal/wp-content/uploads/2019/01/تعليق-فضيلة-الشيخ-العلامة-ــ-أحمد-بن-يحيى-النجمي-ــ-على-كتاب-التاج-الجامع-للأصول-ج-5-.pdf
تعليق-فضيلة-الشيخ-العلامة-ــ-أحمد-بن-يحيى-النجمي-ــ-على-كتاب-التعريفات-.pdf,تعليق فضيلة الشيخ العلامة ــ أحمد بن يحيى النجمي ــ على كتاب ( التعريفات ),التعليقات,https://alnajmi.net/portal/wp-content/uploads/2019/01/تعليق-فضيلة-الشيخ-العلامة-ــ-أحمد-بن-يحيى-النجمي-ــ-على-كتاب-التعريفات-.pdf
تعليق-فضيلة-الشيخ-العلامة-ــ-أحمد-بن-يحيى-النجمي-ــ-على-كتاب-الجامع-الصحيح-.pdf,تعليق فضيلة الشيخ العلامة ــ أحمد بن يحيى النجمي ــ على كتاب ( الجامع الصحيح ),التعليقات,https://alnajmi.net/portal/wp-content/uploads/2019/01/تعليق-فضيلة-الشيخ-العلامة-ــ-أحمد-بن-يحيى-النجمي-ــ-على-كتاب-الجامع-الصحيح-.pdf
تعليق-فضيلة-الشيخ-العلامة-ــ-أحمد-بن-يحيى-النجمي-ــ-على-كتاب-الدرر-السنية-في-الأجوبة-النجدية-.pdf,تعليق فضيلة الشيخ العلامة ــ أحمد بن يحيى النجمي ــ على كتاب ( الدرر السنية في الأجوبة النجدية ),التعليقات,https://alnajmi.net/portal/wp-content/uploads/2019/01/تعليق-فضيلة-الشيخ-العلامة-ــ-أحمد-بن-يحيى-النجمي-ــ-على-كتاب-الدرر-السنية-في-الأجوبة-النجدية-.pdf
تعليق-فضيلة-الشيخ-العلامة-ــ-أحمد-بن-يحيى-النجمي-ــ-على-كتاب-العذر-بالجهل-عقيدة-السلف-.pdf,تعليق فضيلة الشيخ العلامة ــ أحمد بن يحيى النجمي ــ على كتاب ( العذر بالجهل عقيدة السلف ),التعليقات,https://alnajmi.net/portal/wp-content/uploads/2019/01/تعليق-فضيلة-الشيخ-العلامة-ــ-أحمد-بن-يحيى-النجمي-ــ-على-كتاب-العذر-بالجهل-عقيدة-السلف-.pdf
تعليق-فضيلة-الشيخ-العلامة-ــ-أحمد-بن-يحيى-النجمي-ــ-على-كتاب-المروءة-وخوارمها-.pdf,تعليق فضيلة الشيخ العلامة ــ أحمد بن يحيى النجمي ــ على كتاب ( المروءة وخوارمها ),التعليقات,https://alnajmi.net/portal/wp-content/uploads/2019/01/تعليق-فضيلة-الشيخ-العلامة-ــ-أحمد-بن-يحيى-النجمي-ــ-على-كتاب-المروءة-وخوارمها-.pdf
تعليق-فضيلة-الشيخ-العلامة-ــ-أحمد-بن-يحيى-النجمي-ــ-على-كتاب-سبل-السلام-.pdf,تعليق فضيلة الشيخ العلامة ــ أحمد بن يحيى النجمي ــ على كتاب ( سبل السلام ),التعليقات,https://alnajmi.net/portal/wp-content/uploads/2019/01/تعليق-فضيلة-الشيخ-العلامة-ــ-أحمد-بن-يحيى-النجمي-ــ-على-كتاب-سبل-السلام-.pdf
تعليق-فضيلة-الشيخ-العلامة-ــ-أحمد-بن-يحيى-النجمي-ــ-على-كتاب-شذرات-الذهب-في-أخبار-من-ذهب-.pdf,تعليق فضيلة الشيخ العلامة ــ أحمد بن يحيى النجمي ــ على كتاب ( شذرات الذهب في أخبار من ذهب ),التعليقات,https://alnajmi.net/portal/wp-content/uploads/2019/01/تعليق-فضيلة-الشيخ-العلامة-ــ-أحمد-بن-يحيى-النجمي-ــ-على-كتاب-شذرات-الذهب-في-أخبار-من-ذهب-.pdf
تعليق-فضيلة-الشيخ-العلامة-ــ-أحمد-بن-يحيى-النجمي-ــ-على-كتاب-صحيح-الجامع-الصغير-.pdf,تعليق فضيلة الشيخ العلامة ــ أحمد بن يحيى النجمي ــ على كتاب ( صحيح الجامع الصغير ),التعليقات,https://alnajmi.net/portal/wp-content/uploads/2019/01/تعليق-فضيلة-الشيخ-العلامة-ــ-أحمد-بن-يحيى-النجمي-ــ-على-كتاب-صحيح-الجامع-الصغير-.pdf
تعليق-فضيلة-الشيخ-العلامة-ــ-أحمد-بن-يحيى-النجمي-ــ-على-كتاب-فتح-الباري-بشرح-صحيح-البخاري-1-.pdf,تعليق فضيلة الشيخ العلامة ــ أحمد بن يحيى النجمي ــ على كتاب ( فتح الباري بشرح صحيح البخاري – 1 ),التعليقات,https://alnajmi.net/portal/wp-content/uploads/2019/01/تعليق-فضيلة-الشيخ-العلامة-ــ-أحمد-بن-يحيى-النجمي-ــ-على-كتاب-فتح-الباري-بشرح-صحيح-البخاري-1-.pdf
تعليق-فضيلة-الشيخ-العلامة-ــ-أحمد-بن-يحيى-النجمي-ــ-على-كتاب-فتح-الباري-بشرح-صحيح-البخاري-2-.pdf,تعليق فضيلة الشيخ العلامة ــ أحمد بن يحيى النجمي ــ على كتاب ( فتح الباري بشرح صحيح البخاري – 2 ),التعليقات,https://alnajmi.net/portal/wp-content/uploads/2019/01/تعليق-فضيلة-الشيخ-العلامة-ــ-أحمد-بن-يحيى-النجمي-ــ-على-كتاب-فتح-الباري-بشرح-صحيح-البخاري-2-.pdf
تعليق-فضيلة-الشيخ-العلامة-ــ-أحمد-بن-يحيى-النجمي-ــ-على-كتاب-مجموع-الرسائل-المفيدة-.pdf,تعليق فضيلة الشيخ العلامة ــ أحمد بن يحيى النجمي ــ على كتاب ( مجموع الرسائل المفيدة ),التعليقات,https://alnajmi.net/portal/wp-content/uploads/2019/01/تعليق-فضيلة-الشيخ-العلامة-ــ-أحمد-بن-يحيى-النجمي-ــ-على-كتاب-مجموع-الرسائل-المفيدة-.pdf
تعليق-فضيلة-الشيخ-العلامة-ــ-أحمد-بن-يحيى-النجمي-ــ-على-كتاب-مشكل-الحديث-وبيانه-.pdf,تعليق فضيلة الشيخ العلامة ــ أحمد بن يحيى النجمي ــ على كتاب ( مشكل الحديث وبيانه ),التعليقات,https://alnajmi.net/portal/wp-content/uploads/2019/01/تعليق-فضيلة-الشيخ-العلامة-ــ-أحمد-بن-يحيى-النجمي-ــ-على-كتاب-مشكل-الحديث-وبيانه-.pdf
تعليق-فضيلة-الشيخ-العلامة-ــ-أحمد-بن-يحيى-النجمي-ــ-على-كتاب-مشكلات-الأحاديث-النبوية-وبيانها-.pdf,تعليق فضيلة الشيخ العلامة ــ أحمد بن يحيى النجمي ــ على كتاب ( مشكلات الأحاديث النبوية وبيانها ),التعليقات,https://alnajmi.net/portal/wp-content/uploads/2019/01/تعليق-فضيلة-الشيخ-العلامة-ــ-أحمد-بن-يحيى-النجمي-ــ-على-كتاب-مشكلات-الأحاديث-النبوية-وبيانها-.pdf
مراسلات-إلى-الشيخ-أحمد-1.pdf,مراسلات إلى الشيخ أحمد 1,الرسائل,https://alnajmi.net/portal/wp-content/uploads/2019/01/مراسلات-إلى-الشيخ-أحمد-1.pdf
مراسلات-إلى-الشيخ-أحمد-2.pdf,مراسلات إلى الشيخ أحمد 2,الرسائل,https://alnajmi.net/portal/wp-content/uploads/2019/01/مراسلات-إلى-الشيخ-أحمد-2.pdf
مراسلات-إلى-الشيخ-أحمد-3.pdf,مراسلات إلى الشيخ أحمد 3,الرسائل,https://alnajmi.net/portal/wp-content/uploads/2019/01/مراسلات-إلى-الشيخ-أحمد-3.pdf
مراسلات-إلى-الشيخ-أحمد-4.pdf,مراسلات إلى الشيخ أحمد 4,الرسائل,https://alnajmi.net/portal/wp-content/uploads/2019/01/مراسلات-إلى-الشيخ-أحمد-4.pdf
مراسلات-إلى-الشيخ-أحمد-5.pdf,مراسلات إلى الشيخ أحمد 5,الرسائل,https://alnajmi.net/portal/wp-content/uploads/2019/01/مراسلات-إلى-الشيخ-أحمد-5.pdf
مراسلات-الشيخ-أحمد-النجمي-مع-العلماء-رسالة-قديمة-من-الشيخ-عبدالله-القرعاوي.pdf,مراسلات الشيخ أحمد النجمي مع العلماء – رسالة قديمة من الشيخ عبدالله القرعاوي,الرسائل,https://alnajmi.net/portal/wp-content/uploads/2019/01/مراسلات-الشيخ-أحمد-النجمي-مع-العلماء-رسالة-قديمة-من-الشيخ-عبدالله-القرعاوي.pdf
مراسلات-فضيلة-الشيخ-أحمد-النجمي-مع-المسؤولين.pdf,مراسلات فضيلة الشيخ أحمد النجمي مع المسؤولين,الرسائل,https://alnajmi.net/portal/wp-content/uploads/2019/01/مراسلات-فضيلة-الشيخ-أحمد-النجمي-مع-المسؤولين.pdf
مراسلات-فضيلة-الشيخ-أحمد-النجمي-مع-فضيلة-الشيخ-ابن-باز.pdf,مراسلات فضيلة الشيخ أحمد النجمي مع فضيلة الشيخ ابن باز,الرسائل,https://alnajmi.net/portal/wp-content/uploads/2019/01/مراسلات-فضيلة-الشيخ-أحمد-النجمي-مع-فضيلة-الشيخ-ابن-باز.pdf
مراسلات-فضيلة-الشيخ-أحمد-النجمي-مع-ولاة-الأمر.pdf,مراسلات فضيلة الشيخ أحمد النجمي مع ولاة الأمر,الرسائل,https://alnajmi.net/portal/wp-content/uploads/2019/01/مراسلات-فضيلة-الشيخ-أحمد-النجمي-مع-ولاة-الأمر.pdf
مراسلات-من-الشيخ-أحمد-1.pdf,مراسلات من الشيخ أحمد 1,الرسائل,https://alnajmi.net/portal/wp-content/uploads/2019/01/مراسلات-من-الشيخ-أحمد-1.pdf
مراسلات-من-الشيخ-أحمد-2.pdf,مراسلات من الشيخ أحمد 2,الرسائل,https://alnajmi.net/portal/wp-content/uploads/2019/01/مراسلات-من-الشيخ-أحمد-2.pdf
مراسلات-من-الشيخ-أحمد-3.pdf,مراسلات من الشيخ أحمد 3,الرسائل,https://alnajmi.net/portal/wp-content/uploads/2019/01/مراسلات-من-الشيخ-أحمد-3.pdf
مراسلات-من-الشيخ-أحمد-4.pdf,مراسلات من الشيخ أحمد 4,الرسائل,https://alnajmi.net/portal/wp-content/uploads/2019/01/مراسلات-من-الشيخ-أحمد-4.pdf
أسئلة-أهل-فرنسا.pdf,أسئلة أهل فرنسا,الكتب,https://alnajmi.net/portal/wp-content/uploads/2019/01/أسئلة-أهل-فرنسا.pdf
أسئلة-الشيخ-طارق-الهاشمي-من-قطر.pdf,أسئلة الشيخ طارق الهاشمي من قطر,الكتب,https://alnajmi.net/portal/wp-content/uploads/2019/01/أسئلة-الشيخ-طارق-الهاشمي-من-قطر.pdf
أسئلة-الشيخ-عبد-الله-الظفيري.pdf,أسئلة الشيخ عبد الله الظفيري,الكتب,https://alnajmi.net/portal/wp-content/uploads/2019/01/أسئلة-الشيخ-عبد-الله-الظفيري.pdf
أسئلة-ذي-القرنين-الأندونيسي.pdf,أسئلة ذي القرنين الأندونيسي,الكتب,https://alnajmi.net/portal/wp-content/uploads/2019/01/أسئلة-ذي-القرنين-الأندونيسي.pdf
أوضح-الإشارة.pdf,أوضح الإشارة,الكتب,https://alnajmi.net/portal/wp-content/uploads/2019/01/أوضح-الإشارة.pdf
إحياء-الأموات.pdf,إحياء الأموات,الكتب,https://alnajmi.net/portal/wp-content/uploads/2019/01/إحياء-الأموات.pdf
إرشاد-الساري.pdf,إرشاد الساري,الكتب,https://alnajmi.net/portal/wp-content/uploads/2019/01/إرشاد-الساري.pdf
استقبال-شهر-رمضان.pdf,استقبال شهر رمضان,الكتب,https://alnajmi.net/portal/wp-content/uploads/2019/01/استقبال-شهر-رمضان.pdf
الإبانة-عن-أصول-الديانة.pdf,الإبانة عن أصول الديانة,الكتب,https://alnajmi.net/portal/wp-content/uploads/2019/01/الإبانة-عن-أصول-الديانة.pdf
التعليقات-البهية-على-الرسائل-الأربع-العقدية-طبعة-جديدة-.pdf,التعليقات البهية على الرسائل الأربع العقدية ( طبعة جديدة ),الكتب,https://alnajmi.net/portal/wp-content/uploads/2019/01/التعليقات-البهية-على-الرسائل-الأربع-العقدية-طبعة-جديدة-.pdf
الدرر-النجمية-في-رد-بعض-الشبهات-العقدية-والمنهجية.pdf,الدرر النجمية في رد بعض الشبهات العقدية والمنهجية,الكتب,https://alnajmi.net/portal/wp-content/uploads/2019/01/الدرر-النجمية-في-رد-بعض-الشبهات-العقدية-والمنهجية.pdf
السلفيون-بريئون-من-الأعمال-الإرهابية-مترجم-للغة-الروسية-.pdf,السلفيون بريئون من الأعمال الإرهابية [ مترجم للغة الروسية ],الكتب,https://alnajmi.net/portal/wp-content/uploads/2019/01/السلفيون-بريئون-من-الأعمال-الإرهابية-مترجم-للغة-الروسية-.pdf
الشرح-الموجز-الممهد.pdf,الشرح الموجز الممهد,الكتب,https://alnajmi.net/portal/wp-content/uploads/2019/01/الشرح-الموجز-الممهد.pdf
الطائفة-الناجية-المنصورة.pdf,الطائفة الناجية المنصورة,الكتب,https://alnajmi.net/portal/wp-content/uploads/2019/01/الطائفة-الناجية-المنصورة.pdf
mkl1.pdf,الفتاوى الجلية عن المناهج الدعوية ( الجزء الأول ),الكتب,https://alnajmi.net/portal/wp-content/uploads/2019/01/mkl1.pdf
mkl2.pdf,الفتاوى الجلية عن المناهج الدعوية ( الجزء الثاني ),الكتب,https://alnajmi.net/portal/wp-content/uploads/2019/01/mkl2.pdf
الفتح-الرباني-في-الدفاع-عن-الشيخ-محمد-ناصر-الدين-الألباني.pdf,الفتح الرباني في الدفاع عن الشيخ محمد ناصر الدين الألباني,الكتب,https://alnajmi.net/portal/wp-content/uploads/2019/01/الفتح-الرباني-في-الدفاع-عن-الشيخ-محمد-ناصر-الدين-الألباني.pdf
k.pdf,الفضل المبين من رب العالمين بالتعليق على أصل السنة واعتقاد الدين للإمامين أبي زرعة وأبي حاتم الرازي,الكتب,https://alnajmi.net/portal/wp-content/uploads/2023/02/k.pdf
القيروانية.pdf,القيروانية,الكتب,https://alnajmi.net/portal/wp-content/uploads/2019/01/القيروانية.pdf
المورد-العذب-الزلال-فيما-انتقد-على-بعض-المناهج-الدعوية-من-العقائد-والأعمال.pdf,المورد العذب الزلال فيما انتقد على بعض المناهج الدعوية من العقائد والأعمال,الكتب,https://alnajmi.net/portal/wp-content/uploads/2019/01/المورد-العذب-الزلال-فيما-انتقد-على-بعض-المناهج-الدعوية-من-العقائد-والأعمال.pdf
بابُ-الإِسْتِطَابَةِ-وباب-السواك-من-تأسيس-الأحكام-بالإندونيسية.pdf,بابُ الإِسْتِطَابَةِ وباب السواك من تأسيس الأحكام – بالإندونيسية,الكتب,https://alnajmi.net/portal/wp-content/uploads/2019/01/بابُ-الإِسْتِطَابَةِ-وباب-السواك-من-تأسيس-الأحكام-بالإندونيسية.pdf
بابُ-المَسْحِ-عَلَى-الخُفَّيْن-من-تأسيس-الأحكام-بالإندونيسية.pdf,بابُ المَسْحِ عَلَى الخُفَّيْن من تأسيس الأحكام-بالإندونيسية,الكتب,https://alnajmi.net/portal/wp-content/uploads/2019/01/بابُ-المَسْحِ-عَلَى-الخُفَّيْن-من-تأسيس-الأحكام-بالإندونيسية.pdf
بَابٌ-فِي-المَذْيِ-وَغَيْرِهِ-من-تأسيس-الأحكام-بالإندونيسية.pdf,بَابٌ فِي المَذْيِ وَغَيْرِهِ من تأسيس الأحكام – بالإندونيسية,الكتب,https://alnajmi.net/portal/wp-content/uploads/2019/01/بَابٌ-فِي-المَذْيِ-وَغَيْرِهِ-من-تأسيس-الأحكام-بالإندونيسية.pdf
بَابُ-التَّيَمُّم-من-تأسيس-الأحكام-بالإندونيسية.pdf,بَابُ التَّيَمُّم من تأسيس الأحكام – بالإندونيسية,الكتب,https://alnajmi.net/portal/wp-content/uploads/2019/01/بَابُ-التَّيَمُّم-من-تأسيس-الأحكام-بالإندونيسية.pdf
بَابُ-غُسْلِ-الجَنَابَة-من-تأسيس-الأحكام-بالإندونيسية.pdf,بَابُ غُسْلِ الجَنَابَة من تأسيس الأحكام – بالإندونيسية,الكتب,https://alnajmi.net/portal/wp-content/uploads/2019/01/بَابُ-غُسْلِ-الجَنَابَة-من-تأسيس-الأحكام-بالإندونيسية.pdf
تأسيس-1.pdf,تأسيس الأحكام الأول,الكتب,https://alnajmi.net/portal/wp-content/uploads/2019/01/تأسيس-1.pdf
تأسيس-3.pdf,تأسيس الأحكام الثالث,الكتب,https://alnajmi.net/portal/wp-content/uploads/2019/01/تأسيس-3.pdf
تأسيس-2.pdf,تأسيس الأحكام الثاني,الكتب,https://alnajmi.net/portal/wp-content/uploads/2019/01/تأسيس-2.pdf
تأسيس-5.pdf,تأسيس الأحكام الخامس,الكتب,https://alnajmi.net/portal/wp-content/uploads/2019/01/تأسيس-5.pdf
تأسيس-4.pdf,تأسيس الأحكام الرابع,الكتب,https://alnajmi.net/portal/wp-content/uploads/2019/01/تأسيس-4.pdf
ترجمة-كتاب-السلفيون-بريئون-من-الأعمال-الإرهابية-الالمانية-.pdf,ترجمة كتاب السلفيون بريئون من الأعمال الإرهابية ( الالمانية ),الكتب,https://alnajmi.net/portal/wp-content/uploads/2019/01/ترجمة-كتاب-السلفيون-بريئون-من-الأعمال-الإرهابية-الالمانية-.pdf
ترجمة-كتاب-بعض-فتاوى-الصيام-من-فتح-الرب-الودود-الالمانية-.pdf,ترجمة كتاب بعض فتاوى الصيام من فتح الرب الودود ( الالمانية ),الكتب,https://alnajmi.net/portal/wp-content/uploads/2019/01/ترجمة-كتاب-بعض-فتاوى-الصيام-من-فتح-الرب-الودود-الالمانية-.pdf
ترجمة-كتاب-لماذا-التوحيد-أولا-الالمانية-.pdf,ترجمة كتاب لماذا التوحيد أولا ( الالمانية ),الكتب,https://alnajmi.net/portal/wp-content/uploads/2019/01/ترجمة-كتاب-لماذا-التوحيد-أولا-الالمانية-.pdf
ترجمة-كتاب-لماذا-التوحيد-أولاً-بالإنجليزية-.pdf,ترجمة كتاب لماذا التوحيد أولاً ( بالإنجليزية ),الكتب,https://alnajmi.net/portal/wp-content/uploads/2019/01/ترجمة-كتاب-لماذا-التوحيد-أولاً-بالإنجليزية-.pdf
تفسير-آيات-الصيام.pdf,تفسير آيات الصيام,الكتب,https://alnajmi.net/portal/wp-content/uploads/2019/01/تفسير-آيات-الصيام.pdf
talanam1.pdf,تنبيه الأنام على ما في كتاب سبل السلام من الفوائد والأحكام – المجلد الأول,الكتب,https://alnajmi.net/portal/wp-content/uploads/2023/03/talanam1.pdf
talanam3.pdf,تنبيه الأنام على ما في كتاب سبل السلام من الفوائد والأحكام – المجلد الثالث,الكتب,https://alnajmi.net/portal/wp-content/uploads/2023/03/talanam3.pdf
talanam8.pdf,تنبيه الأنام على ما في كتاب سبل السلام من الفوائد والأحكام – المجلد الثامن,الكتب,https://alnajmi.net/portal/wp-content/uploads/2023/03/talanam8.pdf
talanam2.pdf,تنبيه الأنام على ما في كتاب سبل السلام من الفوائد والأحكام – المجلد الثاني,الكتب,https://alnajmi.net/portal/wp-content/uploads/2023/03/talanam2.pdf
talanam5.pdf,تنبيه الأنام على ما في كتاب سبل السلام من الفوائد والأحكام – المجلد الخامس,الكتب,https://alnajmi.net/portal/wp-content/uploads/2023/03/talanam5.pdf
talanam4-2.pdf,تنبيه الأنام على ما في كتاب سبل السلام من الفوائد والأحكام – المجلد الرابع,الكتب,https://alnajmi.net/portal/wp-content/uploads/2023/06/talanam4-2.pdf
talanam7.pdf,تنبيه الأنام على ما في كتاب سبل السلام من الفوائد والأحكام – المجلد السابع,الكتب,https://alnajmi.net/portal/wp-content/uploads/2023/03/talanam7.pdf
talanam6.pdf,تنبيه الأنام على ما في كتاب سبل السلام من الفوائد والأحكام – المجلد السادس,الكتب,https://alnajmi.net/portal/wp-content/uploads/2023/03/talanam6.pdf
تنزية-الشريعة.pdf,تنزيه الشريعة,الكتب,https://alnajmi.net/portal/wp-content/uploads/2019/01/تنزية-الشريعة.pdf
دور-المساجد-في-الإسلام.pdf,دور المساجد في الإسلام,الكتب,https://alnajmi.net/portal/wp-content/uploads/2019/01/دور-المساجد-في-الإسلام.pdf
رد-الجواب-على-من-طلب-مني-عدم-طبع-الكتاب-ويليه-الرد-الشرعي-المعقول-على-المتصل-المجهول.pdf,رد الجواب على من طلب مني عدم طبع الكتاب ويليه الرد الشرعي المعقول على المتصل المجهول,الكتب,https://alnajmi.net/portal/wp-content/uploads/2019/01/رد-الجواب-على-من-طلب-مني-عدم-طبع-الكتاب-ويليه-الرد-الشرعي-المعقول-على-المتصل-المجهول.pdf
رسالة-الإرشاد-إلى-بيان-الحق-في-حكم-الجهاد.pdf,رسالة الإرشاد إلى بيان الحق في حكم الجهاد,الكتب,https://alnajmi.net/portal/wp-content/uploads/2019/01/رسالة-الإرشاد-إلى-بيان-الحق-في-حكم-الجهاد.pdf
الإمام-أحمد-بن-حنبل.pdf,سيرة الإمام المبجل أحمد بن محمد بن حنبل,الكتب,https://alnajmi.net/portal/wp-content/uploads/2019/01/الإمام-أحمد-بن-حنبل.pdf
شرح-أصول-السنة.pdf,شرح أصول السنة,الكتب,https://alnajmi.net/portal/wp-content/uploads/2019/01/شرح-أصول-السنة.pdf
صفة-الحج.pdf,صفة الحج,الكتب,https://alnajmi.net/portal/wp-content/uploads/2019/01/صفة-الحج.pdf
فتاوى-الصيام.pdf,فتاوى الصيام,الكتب,https://alnajmi.net/portal/wp-content/uploads/2019/01/فتاوى-الصيام.pdf
فتح-الرب-الرحيم-في-حكم-الجهر-والإسرار-ببسم-الله-الرحمن-الرحيم.pdf,فتح الرب الرحيم في حكم الجهر والإسرار ببسم الله الرحمن الرحيم,الكتب,https://alnajmi.net/portal/wp-content/uploads/2019/01/فتح-الرب-الرحيم-في-حكم-الجهر-والإسرار-ببسم-الله-الرحمن-الرحيم.pdf
فتح-الرب-الغفور-ذي-الرحمة-في-شرح-الواجبات-المحتمات-المعرفة-على-كل-مسلم-ومسلمة.pdf,فتح الرب الغفور ذي الرحمة في شرح الواجبات المحتمات المعرفة على كل مسلم ومسلمة,الكتب,https://alnajmi.net/portal/wp-content/uploads/2019/01/فتح-الرب-الغفور-ذي-الرحمة-في-شرح-الواجبات-المحتمات-المعرفة-على-كل-مسلم-ومسلمة.pdf
فتح-الرب-الغني-بتوضيح-شرح-السنة-للمزني-طبعة-جديدة-.pdf,فتح الرب الغني بتوضيح شرح السنة للمزني ( طبعة جديدة ),الكتب,https://alnajmi.net/portal/wp-content/uploads/2019/01/فتح-الرب-الغني-بتوضيح-شرح-السنة-للمزني-طبعة-جديدة-.pdf
فتح-الرب-الودود-في-الفتاوى-و-الرسائل-و-الردود-الجزء-الأول.pdf,فتح الرب الودود في الفتاوى و الرسائل و الردود – الجزء الأول,الكتب,https://alnajmi.net/portal/wp-content/uploads/2019/01/فتح-الرب-الودود-في-الفتاوى-و-الرسائل-و-الردود-الجزء-الأول.pdf
فتح-الرب-الودود-في-الفتاوى-و-الرسائل-و-الردود-الجزء-الثاني.pdf,فتح الرب الودود في الفتاوى و الرسائل و الردود – الجزء الثاني,الكتب,https://alnajmi.net/portal/wp-content/uploads/2019/01/فتح-الرب-الودود-في-الفتاوى-و-الرسائل-و-الردود-الجزء-الثاني.pdf
فتح-الرحيم-الودود-في-التعليق-على-كتاب-السنة-من-سنن-الإمام-أبي-داود.pdf,فتح الرحيم الودود في التعليق على كتاب السنة من سنن الإمام أبي داود,الكتب,https://alnajmi.net/portal/wp-content/uploads/2019/01/فتح-الرحيم-الودود-في-التعليق-على-كتاب-السنة-من-سنن-الإمام-أبي-داود.pdf
فضل-الصيام.pdf,فضل الصيام,الكتب,https://alnajmi.net/portal/wp-content/uploads/2019/01/فضل-الصيام.pdf
منهج-أئمة-الدعوة-في-مسائل-التوسل-والاستغاثة.pdf,منهج أئمة الدعوة في مسائل التوسل والاستغاثة,الكتب,https://alnajmi.net/portal/wp-content/uploads/2019/01/منهج-أئمة-الدعوة-في-مسائل-التوسل-والاستغاثة.pdf
وأن-هذا-صراطي-مستقيماً-فاتبعوه.pdf,وأن هذا صراطي مستقيماً فاتبعوه,الكتب,https://alnajmi.net/portal/wp-content/uploads/2019/01/وأن-هذا-صراطي-مستقيماً-فاتبعوه.pdf
واعــبدوا-اللـــه-ولا-تشــركــوا-بـه-شــيئًا-طبعة-جديدة-.pdf,واعبدوا اللـه ولا تشركوا بـه شيئًا ( طبعة جديدة ),الكتب,https://alnajmi.net/portal/wp-content/uploads/2019/01/واعــبدوا-اللـــه-ولا-تشــركــوا-بـه-شــيئًا-طبعة-جديدة-.pdf
وصيته-قبل-وفاته-رحمه-الله.pdf,وصيته قبل وفاته رحمه الله,الكتب,https://alnajmi.net/portal/wp-content/uploads/2019/01/وصيته-قبل-وفاته-رحمه-الله.pdf
المجموع-الندي-في-سيرة-العلامة-أحمد-النجمي.pdf,المجموع الندي في سيرة العلامة النجمي,من السيرة الذاتية,https://alnajmi.net/portal/wp-content/uploads/2019/01/المجموع-الندي-في-سيرة-العلامة-أحمد-النجمي.pdf
جهود-العلامة-أحمد-النجمي-في-خدمة-السنة-وعلومها.pdf,جهود الشيخ في خدمة السنة وعلومها,من السيرة الذاتية,https://alnajmi.net/portal/wp-content/uploads/2019/01/جهود-العلامة-أحمد-النجمي-في-خدمة-السنة-وعلومها.pdf
سيرة-العلامة-أحمد-النجمي-رحمه-الله-بقلم-الشيخ-الفاضل-محمد-بن-هادي-المدخلي-مترجم-باللغة-الفرنسية-.pdf,سيرة العلامة النجمي ( باللغة الفرنسية ),من السيرة الذاتية,https://alnajmi.net/portal/wp-content/uploads/2019/01/سيرة-العلامة-أحمد-النجمي-رحمه-الله-بقلم-الشيخ-الفاضل-محمد-بن-هادي-المدخلي-مترجم-باللغة-الفرنسية-.pdf
